<?xml version="1.0" encoding="UTF-8"?><cteProc xmlns="http://www.portalfiscal.inf.br/cte" versao="4.00"><CTe xmlns="http://www.portalfiscal.inf.br/cte"><infCte Id="CTe26251007539123000497570010000004261000000006" versao="4.00"><ide><cUF>26</cUF><cCT>00000000</cCT><CFOP>5353</CFOP><natOp>PRESTACAO DE SERVICO DE TRANSPORTE A ESTABELECIMENTO COMERCI</natOp><mod>57</mod><serie>1</serie><nCT>426</nCT><dhEmi>2025-10-17T16:42:03-03:00</dhEmi><tpImp>1</tpImp><tpEmis>1</tpEmis><cDV>6</cDV><tpAmb>1</tpAmb><tpCTe>0</tpCTe><procEmi>0</procEmi><verProc>Hivelog CT-e 0.26.0</verProc><cMunEnv>2606408</cMunEnv><xMunEnv>GRAVATÁ</xMunEnv><UFEnv>PE</UFEnv><modal>01</modal><tpServ>0</tpServ><cMunIni>2611606</cMunIni><xMunIni>RECIFE</xMunIni><UFIni>PE</UFIni><cMunFim>2611606</cMunFim><xMunFim>RECIFE</xMunFim><UFFim>PE</UFFim><retira>1</retira><indIEToma>1</indIEToma><toma3><toma>0</toma></toma3></ide><compl><Entrega><semData><tpPer>0</tpPer></semData><semHora><tpHor>0</tpHor></semHora></Entrega><xObs>ISENÇÃO DO ICMS CONFORME ART.59,III,A,DO DECRETO 44.650/2017 GAS NATURAL 23 ONU 1971, EMISSAO DE CTE GLOBALIZADO CONFORME REGIME ESPECIAL No 12/2023.</xObs><ObsCont xCampo="Lei da Transparência"><xTexto>O valor aproximado de tributos incidentes sobre o preço deste serviço é de R$ 0.0</xTexto></ObsCont></compl><emit><CNPJ>07539123000497</CNPJ><IE>039301141</IE><xNome>Mastergás Distribuidora e Serviços LTDA</xNome><xFant>Mastergás</xFant><enderEmit><xLgr>AVENIDA CÍCERO BATISTA DE OLIVEIRA</xLgr><nro>Sem número</nro><xCpl>Posto Mastergás</xCpl><xBairro>PRADO</xBairro><cMun>2606408</cMun><xMun>GRAVATÁ</xMun><CEP>55642000</CEP><UF>PE</UF><fone>8332447242</fone></enderEmit><CRT>3</CRT></emit><rem><CNPJ>41025313000181</CNPJ><IE>019093047</IE><xNome>COMPANHIA PERNAMBUCANA DE GAS - COPERGAS</xNome><xFant>COPERGAS</xFant><fone>8134647400</fone><enderReme><xLgr>AVENIDA CONSELHEIRO AGUIAR</xLgr><nro>1748</nro><xBairro>BOA VIAGEM</xBairro><cMun>2611606</cMun><xMun>RECIFE</xMun><CEP>51111010</CEP><UF>PE</UF><cPais>1058</cPais><xPais>BRASIL</xPais></enderReme></rem><dest><CNPJ>41025313000181</CNPJ><IE>019093047</IE><xNome>COMPANHIA PERNAMBUCANA DE GAS COPERGAS</xNome><fone>8134647400</fone><enderDest><xLgr>AVENIDA CONS AGUIAR</xLgr><nro>1748</nro><xCpl>LOJA 001</xCpl><xBairro>BOA VIAGEM</xBairro><cMun>2611606</cMun><xMun>RECIFE</xMun><CEP>51111010</CEP><UF>PE</UF><cPais>1058</cPais><xPais>BRASIL</xPais></enderDest></dest><vPrest><vTPrest>205122.90</vTPrest><vRec>205122.90</vRec><Comp><xNome>Frete peso</xNome><vComp>0.00</vComp></Comp><Comp><xNome>Frete valor</xNome><vComp>205122.90</vComp></Comp><Comp><xNome>Taxa de coleta</xNome><vComp>0.00</vComp></Comp><Comp><xNome>Taxa de entrega</xNome><vComp>0.00</vComp></Comp></vPrest><imp><ICMS><ICMS45><CST>40</CST></ICMS45></ICMS><vTotTrib>0.00</vTotTrib></imp><infCTeNorm><infCarga><vCarga>111823.78</vCarga><proPred>GNC REMESSA INTERNA</proPred><infQ><cUnid>00</cUnid><tpMed>VOLUME</tpMed><qCarga>0.0000</qCarga></infQ><infQ><cUnid>01</cUnid><tpMed>PESO BRUTO</tpMed><qCarga>0.0000</qCarga></infQ><infQ><cUnid>01</cUnid><tpMed>PESO LIQUIDO</tpMed><qCarga>0.0000</qCarga></infQ><infQ><cUnid>03</cUnid><tpMed>UNIDADES</tpMed><qCarga>1.0000</qCarga></infQ></infCarga><infDoc><infNFe><chave>26251041025313000181550020000058231958562203</chave></infNFe></infDoc><infModal versaoModal="4.00"><rodo><RNTRC>00000000</RNTRC></rodo></infModal><cobr><fat/></cobr></infCTeNorm><autXML><CNPJ>04898488000177</CNPJ></autXML><infRespTec><CNPJ>07960929000101</CNPJ><xContato>Hivelog Soluções em Tecnologia da Informação</xContato><email>desenvolvimento@hivecloud.com.br</email><fone>8140628262</fone></infRespTec></infCte><infCTeSupl><qrCodCTe>https://nfe.fazenda.sp.gov.br/CTeConsulta/qrCode?chCTe=26251007539123000497570010000004261000000006&amp;tpAmb=1</qrCodCTe></infCTeSupl><Signature xmlns="http://www.w3.org/2000/09/xmldsig#"><SignedInfo><CanonicalizationMethod Algorithm="http://www.w3.org/TR/2001/REC-xml-c14n-20010315"/><SignatureMethod Algorithm="http://www.w3.org/2000/09/xmldsig#rsa-sha1"/><Reference URI="#CTe26251007539123000497570010000004261000000006"><Transforms><Transform Algorithm="http://www.w3.org/2000/09/xmldsig#enveloped-signature"/><Transform Algorithm="http://www.w3.org/TR/2001/REC-xml-c14n-20010315"/></Transforms><DigestMethod Algorithm="http://www.w3.org/2000/09/xmldsig#sha1"/><DigestValue>AFzHXYpzwdxRAlLXMT7jsTM87Eo=</DigestValue></Reference></SignedInfo><SignatureValue>1Ryla3nYDwqonHUZj1dFy/+evSJqy81qtqXxg+eVX7/FvmHJGYdjuZySPZZsljVbwz0EaHiVpWpr&#13;
uy14gFUj/dB+AMBeBgQu0RJOZgkU9yQ6VDtqpcsDngtP4Uci6qF3SbTebPgnEeznSqYbe3mAse1b&#13;
8hMAI1kgpLIuQTdCPqxStBBrQEIuUHctyY5gGVjcAqyaqxqOQBFF6WZggzk8AQnYheaflYfjnIyG&#13;
2Yw3LztQvhtAQ82Y8AM1yHnVOzyE3VBbinYhQfgYERjOo074FN7WOUdKud0L6J/V9DyI7yx5u+Eh&#13;
Gb25N7p8fkv4ylSub8YPcCtynw3sN2sacLzRlg==</SignatureValue><KeyInfo><X509Data><X509Certificate>MIIHkzCCBXugAwIBAgIIXTatfgUKfIMwDQYJKoZIhvcNAQELBQAwczELMAkGA1UEBhMCQlIxEzAR&#13;
BgNVBAoTCklDUC1CcmFzaWwxNjA0BgNVBAsTLVNlY3JldGFyaWEgZGEgUmVjZWl0YSBGZWRlcmFs&#13;
IGRvIEJyYXNpbCAtIFJGQjEXMBUGA1UEAxMOQUMgQ05ETCBSRkIgdjMwHhcNMjUwMTMxMTgzMjU0&#13;
WhcNMjYwMTMxMTgzMjU0WjCCAQYxCzAJBgNVBAYTAkJSMRMwEQYDVQQKEwpJQ1AtQnJhc2lsMQsw&#13;
CQYDVQQIEwJQRTEQMA4GA1UEBxMHR1JBVkFUQTEXMBUGA1UECxMOMDkxMTc2MzEwMDAxNjAxNjA0&#13;
BgNVBAsTLVNlY3JldGFyaWEgZGEgUmVjZWl0YSBGZWRlcmFsIGRvIEJyYXNpbCAtIFJGQjEWMBQG&#13;
A1UECxMNUkZCIGUtQ05QSiBBMTEZMBcGA1UECxMQdmlkZW9jb25mZXJlbmNpYTE/MD0GA1UEAxM2&#13;
TUFTVEVSR0FTIERJU1RSSUJVSURPUkEgRSBTRVJWSUNPUyBMVERBOjA3NTM5MTIzMDAwNDk3MIIB&#13;
IjANBgkqhkiG9w0BAQEFAAOCAQ8AMIIBCgKCAQEA7B/ZviO6HxtWMkgNU6b89ucvcB0RKG8oWgrw&#13;
uADc1t//ZLg7nl5RIJnk2qyBPyEwwRPtQrg5L2wjm/SK0LxwdAfTOtw6WXYhD8yfnVMZRu5n+2ep&#13;
NBQ6YGCwPy2U1obASVTag81DjJdhB2Ki55fzEm9JgxfkP7faDtSewcKw+hkBcxEZBn2RLObX5i0B&#13;
FtWLknZQMlo+07mf65frF3+hQr/xgAEKoacx4gvQpytMJCKTNfvI8ICWUpaiNqDKY+2xTjiF0CLx&#13;
QvPTmXxyHYONw47Gtzl5YsPc0fGxMZ7m+Hs3lm1viIlYl8uqyzVlj5MNtg1HhBHDIvqN0O4767SZ&#13;
cQIDAQABo4IClDCCApAwHwYDVR0jBBgwFoAUax80FUEa6pseyiLSzt3vu+kyyokwDgYDVR0PAQH/&#13;
BAQDAgXgMGcGA1UdIARgMF4wXAYGYEwBAgE0MFIwUAYIKwYBBQUHAgEWRGh0dHA6Ly9yZXBvc2l0&#13;
b3Jpby5hY3NwY2JyYXNpbC5vcmcuYnIvYWMtY25kbHJmYi9hYy1jbmRsLXJmYi1kcGMucGRmMIGm&#13;
BgNVHR8EgZ4wgZswS6BJoEeGRWh0dHA6Ly9yZXBvc2l0b3Jpby5hY3NwY2JyYXNpbC5vcmcuYnIv&#13;
YWMtY25kbHJmYi9sY3ItYWMtY25kbHJmYnY1LmNybDBMoEqgSIZGaHR0cDovL3JlcG9zaXRvcmlv&#13;
Mi5hY3NwY2JyYXNpbC5vcmcuYnIvYWMtY25kbHJmYi9sY3ItYWMtY25kbHJmYnY1LmNybDBdBggr&#13;
BgEFBQcBAQRRME8wTQYIKwYBBQUHMAKGQWh0dHA6Ly9yZXBvc2l0b3Jpby5hY3NwY2JyYXNpbC5v&#13;
cmcuYnIvYWMtY25kbHJmYi9hYy1jbmRscmZidjUucDdiMIHBBgNVHREEgbkwgbaBE0ZBQklPSFNO&#13;
RkBHTUFJTC5DT02gMQYFYEwBAwKgKBMmRkFCSU8gSEVOUklRVUUgU0lMVkVJUkEgTk9HVUVJUkEg&#13;
RklMSE+gGQYFYEwBAwOgEBMOMDc1MzkxMjMwMDA0OTegOAYFYEwBAwSgLxMtMjYxMjE5OTUxMDUw&#13;
NjgwNTQ1MDAwMDAwMDAwMDAwMDAwMDAwMDAwMDAwMDAwoBcGBWBMAQMHoA4TDDAwMDAwMDAwMDAw&#13;
MDAdBgNVHSUEFjAUBggrBgEFBQcDAgYIKwYBBQUHAwQwCQYDVR0TBAIwADANBgkqhkiG9w0BAQsF&#13;
AAOCAgEAb0LMAdrzWLJBvh3fdf4TOv6e+mrMik5WPUcbA4aU1DYSmeJ6VtIXD989KWtv9Nv16sLl&#13;
R06aBCv1KSuV/n7L8JCuQlBeu0t06quyo1qa5EhOmWQ9E8gsp9Nk7GaWDVG5Yv6nay6lKVNeua7D&#13;
1Fo2SiPvpDo6MAybfxd6FPE51l7+80x3L4HuODtlMGlCTv86jvHbKC3Wz+El8VJILHqPA3RFIcpV&#13;
NsgmTuzfcDGsfgs9HZ8O9LpP4Gycw/vXp/+MLbDIY0ngWyZVr93jymew8lXllp8u52nAYYeDkZ37&#13;
+duJ8cTR+3N1BR+Ok7L/s2b8y/C3yjr4w3I+AWJT2YDX16HALM+W9upcGjoM1KZlok2M/wPKp2P0&#13;
9t0qyLFtJMKrKZyTfVqeBVwy4CWJnIU+NqsM/p897jZZZ2n22u8wTI7WL1yrXy1Ahp0bdNry2csC&#13;
BLtfrsrL+LbuvJZTgaWSY11Vp3RYbw/DvcEpCrOjOX4r+pVmM5Ze1CW4X+EJp8DxF6+okCjP4bLY&#13;
Sw70NhKEiWMiQ16EAGqSSlJewF6oRsKI/Goz0Icc9+gOfIxx2uF8Geg7D1A6+ACHjiVxawF1lVwh&#13;
Kq6Tk86Nc2Rf6Z9u58fW0wjWrvc1XAqAOPwF5suZOq1g7t7gdZUu4BiUu1b8YfLyg3O4AXw/b9DR&#13;
AxdH2qo=</X509Certificate></X509Data></KeyInfo></Signature></CTe><protCTe versao="4.00" xmlns="http://www.portalfiscal.inf.br/cte"><infProt><tpAmb>1</tpAmb><verAplic>SP-CTe-2025-09-30-1</verAplic><chCTe>26251007539123000497570010000004261000000006</chCTe><dhRecbto>2025-10-17T16:44:46-03:00</dhRecbto><nProt>526250531707676</nProt><digVal>AFzHXYpzwdxRAlLXMT7jsTM87Eo=</digVal><cStat>100</cStat><xMotivo>Autorizado o uso do CT-e.</xMotivo></infProt></protCTe></cteProc>